{
    "Location":{

         "northLat" : 44.487260,
         "southLat" : 44.469010,

         "westLong": -73.223653,
         "eastLong" : -73.192390
    }
}